{
    "Loss": 5.114406585693359,
    "Accuracy": 0.6645962595939636
}